{
    "yolov8n": 0.46343,
    "yolov8s": 0.51525
}